-- MySQL dump 10.13  Distrib 8.0.42, for Win64 (x86_64)
--
-- Host: localhost    Database: pagamuma_db
-- ------------------------------------------------------
-- Server version	8.0.42

/*!40101 SET @OLD_CHARACTER_SET_CLIENT=@@CHARACTER_SET_CLIENT */;
/*!40101 SET @OLD_CHARACTER_SET_RESULTS=@@CHARACTER_SET_RESULTS */;
/*!40101 SET @OLD_COLLATION_CONNECTION=@@COLLATION_CONNECTION */;
/*!50503 SET NAMES utf8mb4 */;
/*!40103 SET @OLD_TIME_ZONE=@@TIME_ZONE */;
/*!40103 SET TIME_ZONE='+00:00' */;
/*!40014 SET @OLD_UNIQUE_CHECKS=@@UNIQUE_CHECKS, UNIQUE_CHECKS=0 */;
/*!40014 SET @OLD_FOREIGN_KEY_CHECKS=@@FOREIGN_KEY_CHECKS, FOREIGN_KEY_CHECKS=0 */;
/*!40101 SET @OLD_SQL_MODE=@@SQL_MODE, SQL_MODE='NO_AUTO_VALUE_ON_ZERO' */;
/*!40111 SET @OLD_SQL_NOTES=@@SQL_NOTES, SQL_NOTES=0 */;

--
-- Table structure for table `chat_messages`
--

DROP TABLE IF EXISTS `chat_messages`;
/*!40101 SET @saved_cs_client     = @@character_set_client */;
/*!50503 SET character_set_client = utf8mb4 */;
CREATE TABLE `chat_messages` (
  `id` int NOT NULL AUTO_INCREMENT,
  `session_id` int NOT NULL,
  `sender_type` enum('user','bot') COLLATE utf8mb4_unicode_ci NOT NULL,
  `message_text` text COLLATE utf8mb4_unicode_ci NOT NULL,
  `sent_at` timestamp NULL DEFAULT CURRENT_TIMESTAMP,
  PRIMARY KEY (`id`),
  KEY `session_id` (`session_id`),
  CONSTRAINT `chat_messages_ibfk_1` FOREIGN KEY (`session_id`) REFERENCES `chat_sessions` (`id`) ON DELETE CASCADE
) ENGINE=InnoDB AUTO_INCREMENT=31 DEFAULT CHARSET=utf8mb4 COLLATE=utf8mb4_unicode_ci;
/*!40101 SET character_set_client = @saved_cs_client */;

--
-- Dumping data for table `chat_messages`
--

LOCK TABLES `chat_messages` WRITE;
/*!40000 ALTER TABLE `chat_messages` DISABLE KEYS */;
INSERT INTO `chat_messages` VALUES (1,1,'user','What foods should I avoid during pregnancy?','2026-03-20 05:06:59'),(2,1,'bot','I\'m sorry, I encountered an issue: You exceeded your current quota, please check your plan and billing details. For more information on this error, head to: https://ai.google.dev/gemini-api/docs/rate-limits. To monitor your current usage, head to: https://ai.dev/rate-limit. \n* Quota exceeded for metric: generativelanguage.googleapis.com/generate_content_free_tier_requests, limit: 0, model: gemini-2.0-flash\n* Quota exceeded for metric: generativelanguage.googleapis.com/generate_content_free_tier_requests, limit: 0, model: gemini-2.0-flash\n* Quota exceeded for metric: generativelanguage.googleapis.com/generate_content_free_tier_input_token_count, limit: 0, model: gemini-2.0-flash\nPlease retry in 57.717411989s.','2026-03-20 05:07:00'),(3,1,'user','Tell me about prenatal vitamins.','2026-03-20 05:08:41'),(4,1,'bot','I\'m sorry, I encountered an issue: You exceeded your current quota, please check your plan and billing details. For more information on this error, head to: https://ai.google.dev/gemini-api/docs/rate-limits. To monitor your current usage, head to: https://ai.dev/rate-limit. \n* Quota exceeded for metric: generativelanguage.googleapis.com/generate_content_free_tier_requests, limit: 0, model: gemini-2.0-flash\n* Quota exceeded for metric: generativelanguage.googleapis.com/generate_content_free_tier_requests, limit: 0, model: gemini-2.0-flash\n* Quota exceeded for metric: generativelanguage.googleapis.com/generate_content_free_tier_input_token_count, limit: 0, model: gemini-2.0-flash\nPlease retry in 16.816214257s.','2026-03-20 05:08:41'),(5,1,'user','what is pregnancy','2026-03-20 05:12:59'),(6,1,'bot','I\'m sorry, I encountered an issue: You exceeded your current quota, please check your plan and billing details. For more information on this error, head to: https://ai.google.dev/gemini-api/docs/rate-limits. To monitor your current usage, head to: https://ai.dev/rate-limit. \n* Quota exceeded for metric: generativelanguage.googleapis.com/generate_content_free_tier_input_token_count, limit: 0, model: gemini-2.0-flash\n* Quota exceeded for metric: generativelanguage.googleapis.com/generate_content_free_tier_requests, limit: 0, model: gemini-2.0-flash\n* Quota exceeded for metric: generativelanguage.googleapis.com/generate_content_free_tier_requests, limit: 0, model: gemini-2.0-flash\nPlease retry in 59.026297926s.','2026-03-20 05:12:59'),(7,2,'user','What is pregnancy','2026-03-20 05:14:48'),(8,2,'bot','I\'m sorry, I encountered an issue: You exceeded your current quota, please check your plan and billing details. For more information on this error, head to: https://ai.google.dev/gemini-api/docs/rate-limits. To monitor your current usage, head to: https://ai.dev/rate-limit. \n* Quota exceeded for metric: generativelanguage.googleapis.com/generate_content_free_tier_input_token_count, limit: 0, model: gemini-2.0-flash\n* Quota exceeded for metric: generativelanguage.googleapis.com/generate_content_free_tier_requests, limit: 0, model: gemini-2.0-flash\n* Quota exceeded for metric: generativelanguage.googleapis.com/generate_content_free_tier_requests, limit: 0, model: gemini-2.0-flash\nPlease retry in 9.83452819s.','2026-03-20 05:14:48'),(9,3,'user','whay is pregnancy','2026-03-20 05:25:40'),(10,3,'bot','I\'m sorry, I encountered an issue: You exceeded your current quota, please check your plan and billing details. For more information on this error, head to: https://ai.google.dev/gemini-api/docs/rate-limits. To monitor your current usage, head to: https://ai.dev/rate-limit. \n* Quota exceeded for metric: generativelanguage.googleapis.com/generate_content_free_tier_input_token_count, limit: 0, model: gemini-2.0-flash\n* Quota exceeded for metric: generativelanguage.googleapis.com/generate_content_free_tier_requests, limit: 0, model: gemini-2.0-flash\n* Quota exceeded for metric: generativelanguage.googleapis.com/generate_content_free_tier_requests, limit: 0, model: gemini-2.0-flash\nPlease retry in 17.294483521s.','2026-03-20 05:25:41'),(11,4,'user','what is pregnancy','2026-03-20 05:28:29'),(12,4,'bot','I\'m sorry, I encountered an issue: You exceeded your current quota, please check your plan and billing details. For more information on this error, head to: https://ai.google.dev/gemini-api/docs/rate-limits. To monitor your current usage, head to: https://ai.dev/rate-limit. \n* Quota exceeded for metric: generativelanguage.googleapis.com/generate_content_free_tier_requests, limit: 0, model: gemini-2.0-flash\n* Quota exceeded for metric: generativelanguage.googleapis.com/generate_content_free_tier_requests, limit: 0, model: gemini-2.0-flash\n* Quota exceeded for metric: generativelanguage.googleapis.com/generate_content_free_tier_input_token_count, limit: 0, model: gemini-2.0-flash\nPlease retry in 28.432405406s.','2026-03-20 05:28:30'),(13,5,'user','what','2026-03-20 05:30:38'),(14,5,'bot','I\'m sorry, I encountered an issue: You exceeded your current quota, please check your plan and billing details. For more information on this error, head to: https://ai.google.dev/gemini-api/docs/rate-limits. To monitor your current usage, head to: https://ai.dev/rate-limit. \n* Quota exceeded for metric: generativelanguage.googleapis.com/generate_content_free_tier_input_token_count, limit: 0, model: gemini-2.0-flash\n* Quota exceeded for metric: generativelanguage.googleapis.com/generate_content_free_tier_requests, limit: 0, model: gemini-2.0-flash\n* Quota exceeded for metric: generativelanguage.googleapis.com/generate_content_free_tier_requests, limit: 0, model: gemini-2.0-flash\nPlease retry in 20.160938656s.','2026-03-20 05:30:38'),(15,6,'user','x','2026-03-20 05:30:45'),(16,6,'bot','I\'m sorry, I encountered an issue: You exceeded your current quota, please check your plan and billing details. For more information on this error, head to: https://ai.google.dev/gemini-api/docs/rate-limits. To monitor your current usage, head to: https://ai.dev/rate-limit. \n* Quota exceeded for metric: generativelanguage.googleapis.com/generate_content_free_tier_requests, limit: 0, model: gemini-2.0-flash\n* Quota exceeded for metric: generativelanguage.googleapis.com/generate_content_free_tier_requests, limit: 0, model: gemini-2.0-flash\n* Quota exceeded for metric: generativelanguage.googleapis.com/generate_content_free_tier_input_token_count, limit: 0, model: gemini-2.0-flash\nPlease retry in 13.014231851s.','2026-03-20 05:30:45'),(17,7,'user','what','2026-03-20 05:31:11'),(18,7,'bot','I\'m sorry, I encountered an issue: You exceeded your current quota, please check your plan and billing details. For more information on this error, head to: https://ai.google.dev/gemini-api/docs/rate-limits. To monitor your current usage, head to: https://ai.dev/rate-limit. \n* Quota exceeded for metric: generativelanguage.googleapis.com/generate_content_free_tier_requests, limit: 0, model: gemini-2.0-flash\n* Quota exceeded for metric: generativelanguage.googleapis.com/generate_content_free_tier_requests, limit: 0, model: gemini-2.0-flash\n* Quota exceeded for metric: generativelanguage.googleapis.com/generate_content_free_tier_input_token_count, limit: 0, model: gemini-2.0-flash\nPlease retry in 46.879894798s.','2026-03-20 05:31:11'),(19,8,'user','Hi','2026-03-20 05:36:45'),(20,8,'bot','I\'m sorry, I encountered an issue: You exceeded your current quota, please check your plan and billing details. For more information on this error, head to: https://ai.google.dev/gemini-api/docs/rate-limits. To monitor your current usage, head to: https://ai.dev/rate-limit. \n* Quota exceeded for metric: generativelanguage.googleapis.com/generate_content_free_tier_requests, limit: 0, model: gemini-2.0-flash\n* Quota exceeded for metric: generativelanguage.googleapis.com/generate_content_free_tier_requests, limit: 0, model: gemini-2.0-flash\n* Quota exceeded for metric: generativelanguage.googleapis.com/generate_content_free_tier_input_token_count, limit: 0, model: gemini-2.0-flash\nPlease retry in 13.048356879s.','2026-03-20 05:36:45'),(21,9,'user','What is pregnancy','2026-03-20 05:43:41'),(22,9,'bot','I\'m sorry, I encountered an issue: models/gemini-1.5-flash is not found for API version v1beta, or is not supported for generateContent. Call ListModels to see the list of available models and their supported methods.','2026-03-20 05:43:41'),(23,10,'user','what is pregnancy','2026-03-20 05:49:32'),(24,10,'bot','Kumusta po, isang mainit na pagbati sa inyo! Naku, napakagandang tanong po niyan.\n\nAng pagbubuntis (o pregnancy) ay isang napakagandang yugto sa buhay ng isang babae kung saan ang isang bagong buhay ay nagsisimulang lumaki at umunlad sa loob ng kanyang matris (womb).\n\nNarito ang ilang mahahalagang puntos tungkol sa pagbubuntis:\n*   **Paano Nagsisimula:** Nagsisimula ito kapag ang isang sperm cell ay nakapagsama sa isang egg cell (fertilization), na karaniwang nangyayari pagkatapos ng pakikipagtalik.\n*   **Paglaki ng Sanggol:** Ang fertilized egg ay dumidikit sa dingding ng matris at unti-unting lumalaki at nagiging isang sanggol.\n*   **Tagal:** Karaniwan itong tumatagal ng humigit-kumulang 40 linggo, o mga siyam na buwan, simula sa unang araw ng iyong huling regla.\n*   **Mga Pagbabago:** Sa panahong ito, maraming pagbabago ang mangyayari sa iyong katawan at pakiramdam habang inihahanda mo ang iyong sarili para sa pagdating ng iyong anak.\n\nIto po ay isang kahanga-hangang paglalakbay na puno ng pag-asa at pagmamahal. Nandito po ako para gabayan at suportahan kayo sa bawat hakbang ng inyong pagbubuntis. Huwag po kayong mag-atubiling magtanong kung mayroon pa kayong ibang gustong malaman!','2026-03-20 05:49:37'),(25,11,'user','hii','2026-04-09 07:10:56'),(26,11,'bot','Hello John Lenard! Kumusta ka? Ako si PAG-AMUMA, ang iyong maternal health assistant. Nandito ako para tulungan ka sa anumang tanong mo tungkol sa pagbubuntis, prenatal care, panganganak, at postpartum care.\n\nAno ang maipaglilingkod ko sa iyo ngayon? 😊','2026-04-09 07:10:56'),(27,12,'user','hi im qwerty','2026-04-09 07:12:26'),(28,12,'bot','Kumusta, qwe! Ako si PAG-AMUMA, ang iyong maternal health assistant. Nandito ako para sagutin ang iyong mga katanungan tungkol sa pagbubuntis, panganganak, at pangangalaga sa ina at bagong silang na sanggol.\n\nAno ang maipaglilingkod ko sa iyo ngayong araw?','2026-04-09 07:12:26'),(29,11,'user','are you still active?','2026-04-15 04:26:59'),(30,11,'bot','Opo, John Lenard! Active na active ako at handang handa kang tulungan. 😊\n\nAno ang gusto mong malaman tungkol sa pagbubuntis, pangangalaga sa ina at sanggol, o anumang kaugnay na paksa? Narito ako para sagutin ang iyong mga tanong.','2026-04-15 04:26:59');
/*!40000 ALTER TABLE `chat_messages` ENABLE KEYS */;
UNLOCK TABLES;

--
-- Table structure for table `chat_sessions`
--

DROP TABLE IF EXISTS `chat_sessions`;
/*!40101 SET @saved_cs_client     = @@character_set_client */;
/*!50503 SET character_set_client = utf8mb4 */;
CREATE TABLE `chat_sessions` (
  `id` int NOT NULL AUTO_INCREMENT,
  `user_id` int NOT NULL,
  `started_at` timestamp NULL DEFAULT CURRENT_TIMESTAMP,
  `ended_at` timestamp NULL DEFAULT NULL,
  PRIMARY KEY (`id`),
  KEY `user_id` (`user_id`),
  CONSTRAINT `chat_sessions_ibfk_1` FOREIGN KEY (`user_id`) REFERENCES `users` (`id`) ON DELETE CASCADE
) ENGINE=InnoDB AUTO_INCREMENT=13 DEFAULT CHARSET=utf8mb4 COLLATE=utf8mb4_unicode_ci;
/*!40101 SET character_set_client = @saved_cs_client */;

--
-- Dumping data for table `chat_sessions`
--

LOCK TABLES `chat_sessions` WRITE;
/*!40000 ALTER TABLE `chat_sessions` DISABLE KEYS */;
INSERT INTO `chat_sessions` VALUES (1,3,'2026-03-20 05:06:59',NULL),(2,3,'2026-03-20 05:14:48',NULL),(3,3,'2026-03-20 05:25:40',NULL),(4,3,'2026-03-20 05:28:29',NULL),(5,3,'2026-03-20 05:30:38',NULL),(6,3,'2026-03-20 05:30:45',NULL),(7,3,'2026-03-20 05:31:11',NULL),(8,3,'2026-03-20 05:36:45',NULL),(9,3,'2026-03-20 05:43:41',NULL),(10,3,'2026-03-20 05:49:32',NULL),(11,5,'2026-04-09 07:10:54',NULL),(12,6,'2026-04-09 07:12:23',NULL);
/*!40000 ALTER TABLE `chat_sessions` ENABLE KEYS */;
UNLOCK TABLES;

--
-- Table structure for table `educational_modules`
--

DROP TABLE IF EXISTS `educational_modules`;
/*!40101 SET @saved_cs_client     = @@character_set_client */;
/*!50503 SET character_set_client = utf8mb4 */;
CREATE TABLE `educational_modules` (
  `id` int NOT NULL AUTO_INCREMENT,
  `category` enum('health','parenting','emotional') COLLATE utf8mb4_unicode_ci NOT NULL,
  `title_en` varchar(255) COLLATE utf8mb4_unicode_ci NOT NULL,
  `title_hil` varchar(255) COLLATE utf8mb4_unicode_ci NOT NULL,
  `title_tl` varchar(255) COLLATE utf8mb4_unicode_ci NOT NULL,
  `content_en` mediumtext COLLATE utf8mb4_unicode_ci NOT NULL,
  `content_hil` mediumtext COLLATE utf8mb4_unicode_ci NOT NULL,
  `content_tl` mediumtext COLLATE utf8mb4_unicode_ci NOT NULL,
  `created_at` timestamp NULL DEFAULT CURRENT_TIMESTAMP,
  PRIMARY KEY (`id`)
) ENGINE=InnoDB AUTO_INCREMENT=10 DEFAULT CHARSET=utf8mb4 COLLATE=utf8mb4_unicode_ci;
/*!40101 SET character_set_client = @saved_cs_client */;

--
-- Dumping data for table `educational_modules`
--

LOCK TABLES `educational_modules` WRITE;
/*!40000 ALTER TABLE `educational_modules` DISABLE KEYS */;
INSERT INTO `educational_modules` VALUES (1,'health','Nutrition During First Trimester','Pagsustansya sa Una nga mga Bulan','Nutrisyon sa Unang Trimester','<h3>A Journey through the First Trimester</h3>\n        <div class=\"ratio ratio-16x9 mb-4 mt-3 shadow-sm\" style=\"border-radius: 14px; overflow: hidden;\">\n            <iframe src=\"https://www.youtube.com/embed/GsMVhp3Qw58\" title=\"Puwede at Bawal Kainin para sa Buntis\" allowfullscreen></iframe>\n        </div>\n        <div class=\"ratio ratio-16x9 mb-4 mt-3 shadow-sm\" style=\"border-radius: 14px; overflow: hidden;\">\n            <iframe src=\"https://www.youtube.com/embed/PoflO66C6iY\" title=\"16 Prutas at Pagkain na Bawal sa Buntis\" allowfullscreen></iframe>\n        </div>\n        <p>Eating well is one of the best things you can do during pregnancy. It forms the very foundation of your baby\'s health for the years to come. In these early days, you might find your appetite swinging wildly between ravenous hunger and sheer nausea, but ensuring your body gets the right fuel is critical.</p>\n        <p>Focus on whole grains, fruits, vegetables, and lean proteins. These building blocks provide the essential macronutrients your body needs to undergo the miraculous transformation of growing a human. It is not just about eating more, but eating <em>smarter</em>.</p>\n        <h4>The Importance of Folic Acid</h4>\n        <p>Folic acid (Vitamin B9) is perhaps the most famous prenatal nutrient, and for good reason. It plays a massive role in preventing neural tube defects in the early stages of fetal development—often before a woman even realizes she is pregnant. You must take a supplement, but also seek it out in dark leafy greens like spinach and kale, as well as fortified cereals.</p>\n        <h4>What to Avoid</h4>\n        <p>Your immune system is naturally suppressed during pregnancy to protect the baby, meaning you are more susceptible to foodborne illnesses. Thus, you must absolutely avoid raw fish, unpasteurized cheeses, undercooked meats, and deli meats unless heated to steaming hot. These precautions keep listeria and other dangerous bacteria at bay.</p>\n        <p>Remember, treating your body with grace and nourishing it gently is the first act of motherhood.</p>','<h3>Paglapit sa Una nga mga Bulan sang Pagbusong</h3>\n        <div class=\"ratio ratio-16x9 mb-4 mt-3 shadow-sm\" style=\"border-radius: 14px; overflow: hidden;\">\n            <iframe src=\"https://www.youtube.com/embed/GsMVhp3Qw58\" title=\"Puwede at Bawal Kainin para sa Buntis\" allowfullscreen></iframe>\n        </div>\n        <div class=\"ratio ratio-16x9 mb-4 mt-3 shadow-sm\" style=\"border-radius: 14px; overflow: hidden;\">\n            <iframe src=\"https://www.youtube.com/embed/PoflO66C6iY\" title=\"16 Prutas at Pagkain na Bawal sa Buntis\" allowfullscreen></iframe>\n        </div>\n        <p>Ang pagkaon sing maayo amo ang isa sa pinakabuliganan nga himuon mo para sa imo lapsag. Ini ang pundasyon sang ikaayong lawas sang imo bata para sa mga sunod nga mga tuig. Sa sini nga aga nga panahon, mahimo nga magbag-o ang imo gana sa pagkaon, pero importante nga mahatagan ang imo lawas sang husto nga pagkaon.</p>\n        <p>Mag-focus sa bigas kag tinapay, prutas, utanon, kag karne nga wala sing sobra nga taba. Sini nga mga pagkaon naga-hatag sang mga sustansya nga kinahanglan sang imo lawas para sa pagdaku sang bata sa sulod sang imo tiyan.</p>\n        <h4>Ang Importansya sang Folic Acid</h4>\n        <p>Ang folic acid (Vitamin B9) amo ang pinakasikat nga sustansya para sa pagbusong, kag may maayo nga rason para sini. Nagapahugas ini sang peligro sang depekto sa unod sang utak sang bata, labi na sa una nga mga semana sang pagbusong—bangod kaisa wala pa gani nakahibalo ang iloy nga nagabusong na siya. Kuhaa ang supplement, pero pangitaa man ini sa mga utanon nga maitom ang dahon pareho sang spinach kag kale.</p>\n        <h4>Ano ang Dapat Likawan</h4>\n        <p>Ang imo immune system nagapaubos sang iya resistensya sa panahon sang pagbusong para sa proteksyon sang bata, nagahimo ini nga mas mapihak ka sa mga sakit nga gikan sa pagkaon. Kag tungod sini, dapat absoluto kang malikaw sa hilaw nga isda, keso nga wala pa naproseso, kag karne nga daw hilaw pa. Ini nga mga pag-iingat nagaproteksyon sa imo kag sa imo bata.</p>\n        <p>Dumdumon, ang pag-atipan sang imo lawas sing may paghigugma kag bukas nga pagkaon amo ang una nga buhat sang pagka-iloy.</p>','<h3>Isang Paglalakbay sa Unang Trimester</h3>\n        <div class=\"ratio ratio-16x9 mb-4 mt-3 shadow-sm\" style=\"border-radius: 14px; overflow: hidden;\">\n            <iframe src=\"https://www.youtube.com/embed/GsMVhp3Qw58\" title=\"Puwede at Bawal Kainin para sa Buntis\" allowfullscreen></iframe>\n        </div>\n        <div class=\"ratio ratio-16x9 mb-4 mt-3 shadow-sm\" style=\"border-radius: 14px; overflow: hidden;\">\n            <iframe src=\"https://www.youtube.com/embed/PoflO66C6iY\" title=\"16 Prutas at Pagkain na Bawal sa Buntis\" allowfullscreen></iframe>\n        </div>\n        <p>Ang pagkain ng tama ay isa sa pinakamahusay na bagay na magagawa mo sa panahon ng pagbubuntis. Ito ang pundasyon ng kalusugan ng iyong sanggol para sa mga darating na taon. Sa mga unang araw na ito, maaaring malito ang iyong gana sa pagkain dahil sa pagduduwal, ngunit napakahalagang bigyan ang iyong katawan ng tamang sustansya.</p>\n        <p>Mag-focus sa buong butil, prutas, gulay, at lean na protina. Ang mga pagkaing ito ang nagbibigay ng mahahalagang sustansya na kailangan ng iyong katawan para sa kahanga-hangang proseso ng pagpapalaki ng sanggol.</p>\n        <h4>Ang Kahalagahan ng Folic Acid</h4>\n        <p>Ang folic acid (Vitamin B9) ay marahil ang pinakakilalang sustansya sa pagbubuntis, at may magandang dahilan para dito. Malaki ang papel nito sa pag-iwas sa mga depekto sa neural tube ng sanggol sa maagang yugto ng pagbubuo nito—madalas bago pa man malaman ng babae na siya ay buntis. Kumuha ng supplement, ngunit hanapin din ito sa mga madilim na dahon ng gulay tulad ng spinach at kale.</p>\n        <h4>Ano ang Dapat Iwasan</h4>\n        <p>Ang iyong immune system ay natural na nagpapahina sa panahon ng pagbubuntis upang protektahan ang sanggol, kaya ikaw ay mas madaling mahawahan ng sakit mula sa pagkain. Kaya naman, dapat na ganap na iwasan ang hilaw na isda, hindi pasteurisadong keso, hilaw na karne, at mga deli meats maliban kung pinainit nang husto. Ang mga ito ay nagpoprotekta sa iyo at sa iyong sanggol mula sa mapanganib na bakterya.</p>\n        <p>Tandaan, ang pag-aalaga sa iyong katawan nang may pagmamahal at tamang pagkain ang unang gawa ng pagiging ina.</p>','2026-04-16 06:34:14'),(2,'health','Managing Morning Sickness','Pagsabat sa Paglipong sa Aga','Pag-iwas sa Morning Sickness','<h3>Thriving Through Nausea</h3>\n        <div class=\"ratio ratio-16x9 mb-4 mt-3 shadow-sm\" style=\"border-radius: 14px; overflow: hidden;\">\n            <iframe src=\"https://www.youtube.com/embed/6iK9yUPYHAY\" title=\"Sobrang Pagduduwal at Pagsusuka - Morning Sickness\" allowfullscreen></iframe>\n        </div>\n        <p>Morning sickness is a massive misnomer; it can strike at dawn, dusk, or midnight. It is a hallmark of the first trimester, caused by the surge of pregnancy hormones like hCG. While it is a good sign of a robust pregnancy, it can make daily life feel like navigating a storm on a small boat.</p>\n        <h4>Gentle Strategies</h4>\n        <p>Eat small, frequent meals. An empty stomach triggers acid build-up, which exacerbates nausea. Keep a pack of plain saltine crackers right by your bedside, and nibble on one or two before your feet even touch the floor in the morning.</p>\n        <p>Ginger is your best friend. From ginger tea to ginger ale (ensure it contains real ginger), to ginger candies—this root has been used for centuries to soothe turbulent stomachs.</p>\n        <h4>Hydration is Key</h4>\n        <p>Sometimes, drinking water can invoke nausea. If so, try adding slices of lemon, or sip on ice-cold water in tiny increments rather than large gulps. The goal is to remain hydrated, as dehydration worsens the dizzy, weak feeling associated with morning sickness.</p>\n        <p>Be gentle with yourself. Rest when you need to, and know that for the vast majority of women, this phase lifts like a fog entering the second trimester.</p>','<h3>Pagbuntog sa Kahimtangan sang Paglisud</h3>\n        <div class=\"ratio ratio-16x9 mb-4 mt-3 shadow-sm\" style=\"border-radius: 14px; overflow: hidden;\">\n            <iframe src=\"https://www.youtube.com/embed/6iK9yUPYHAY\" title=\"Sobrang Pagduduwal at Pagsusuka - Morning Sickness\" allowfullscreen></iframe>\n        </div>\n        <p>Ang \"morning sickness\" isa ka sayop nga ngalan, bangod mahimo ini magpunta bisan san-o—subong sang aga, hapon, ukon gabi. Isa ini ka kilala nga tanda sang una nga tatlo ka bulan sang pagbusong, gikan sa pagdugmok sang mga hormone sang pagbusong pareho sang hCG. Bisan pa man nga maayo nga tanda ini, mahimo ini magpabagay sang imo adlaw-adlaw nga kinabuhi.</p>\n        <h4>Mahamis nga mga Laygay</h4>\n        <p>Magkaon sing amat-amat pero masunson. Ang bukas nga tiyan nagapagrabe sang kaasidad, nga nagladmon sang pagdulaw. Magbutang sing crackers sa lapit sang imo higdaan kag magkaon sing isa ka duha antes mag-bangon sa aga.</p>\n        <p>Ang luya imo pinakamaagang abyan. Tikangkan man sa luya nga tsaa, luya nga baso, ukon mga kendi nga luya—ini nga gamot dugay na nga ginagamit para sa paghiwi sang tiyan.</p>\n        <h4>Importante ang Pag-inom sang Tubig</h4>\n        <p>Kaisa, ang pag-inom sang tubig mismo nagapagrabe sang pagdulaw. Kon amo man, subukana ang pagdugang sing hiwa nga limon, ukon mag- inom sing matugnaw sang tubig sa gamay-gamay nga tunga sangsa dako nga higop. Ang katuyuan amo ang magpabilin nga may sariwang lawas, bangod ang pagkauhaw nagapagrabe sang nahuhuyong nga pamatyag.</p>\n        <p>Magmaabot sa imo kaugalingon. Magpahuway kon kinahanglan, kag dumdumon nga para sa kadamuon nga babayi, ini nga panahon nagahalin subong sang gabon sa pagsulod sang ikaduhang tatlo ka bulan.</p>','<h3>Pagtagumpay sa Kabila ng Pagduduwal</h3>\n        <div class=\"ratio ratio-16x9 mb-4 mt-3 shadow-sm\" style=\"border-radius: 14px; overflow: hidden;\">\n            <iframe src=\"https://www.youtube.com/embed/6iK9yUPYHAY\" title=\"Sobrang Pagduduwal at Pagsusuka - Morning Sickness\" allowfullscreen></iframe>\n        </div>\n        <p>Ang \"morning sickness\" ay isang maling pangalan, dahil maaari itong mangyari anumang oras—umaga, hapon, o gabi. Ito ay isang karaniwang tanda ng unang trimester, sanhi ng pagtaas ng mga hormone ng pagbubuntis tulad ng hCG. Kahit ito ay isang magandang tanda ng malusog na pagbubuntis, maaari itong gawing mahirap ang pang-araw-araw na buhay.</p>\n        <h4>Malambot na mga Estratehiya</h4>\n        <p>Kumain ng maliit ngunit madalas. Ang walang laman na tiyan ay nagdudulot ng pagtatayo ng asido, na nagpapalala ng pagduduwal. Magtabi ng mga plain crackers sa tabi ng iyong higaan, at kumain ng isa o dalawa bago pa man tumayo sa umaga.</p>\n        <p>Ang luya ay ang iyong pinakamahusay na kaibigan. Mula sa luya na tsaa hanggang sa luya na kendi—ang ugat na ito ay ginagamit na sa loob ng maraming siglo para patahimikin ang gulong na tiyan.</p>\n        <h4>Mahalaga ang Hydration</h4>\n        <p>Minsan, ang pag-inom ng tubig mismo ay nagdudulot ng pagduduwal. Kung ganoon, subukan ang pagdaragdag ng hiwa ng limon, o uminom ng malamig na tubig nang paunti-unti sa halip na malalaking higop. Ang layunin ay manatiling maayos ang katawan, dahil ang kakulangan ng tubig ay nagpapalala ng makikilala na mahinang pakiramdam.</p>\n        <p>Maging maawain sa iyong sarili. Magpahinga kapag kailangan, at alamin na para sa karamihan ng mga babae, ang yugtong ito ay naglalaho tulad ng ulap pagpasok ng ikalawang trimester.</p>','2026-04-16 06:34:14'),(3,'health','Safe Exercises During Pregnancy','Luwang nga Pag-esersisyo','Ligtas na Pag-eehersisyo','<h3>Moving with Your Baby</h3>\n        <div class=\"ratio ratio-16x9 mb-4 mt-3 shadow-sm\" style=\"border-radius: 14px; overflow: hidden;\">\n            <iframe src=\"https://www.youtube.com/embed/zmUJWKM98hM\" title=\"Prenatal Yoga Workout\" allowfullscreen></iframe>\n        </div>\n        <p>Gone are the days when pregnant women were told to stay confined to bed rest at the slightest discomfort. Today, we know that remaining active is profoundly beneficial for managing pregnancy weight, reducing back pain, and preparing your body for the physical marathon of labor.</p>\n        <h4>Approved Activities</h4>\n        <p>Walking is the simplest and safest cardiovascular exercise. It requires no equipment and can easily be paced to your comfort. Swimming is phenomenal; the bouyancy of the water supports your heavy ligaments, offering incredible relief for aching joints.</p>\n        <p>Prenatal yoga focuses on flexibility, breathing, and mental centering. It also strengthens pelvic floor muscles, which are crucial for delivery. Be sure to attend classes specifically designed for pregnant women, as some deep twists or inversions are not recommended.</p>\n        <h4>Listening to Your Body</h4>\n        <p>Pregnancy alters your center of gravity and softens your ligaments, making you prone to sprains. Avoid high-impact sports, activities with a risk of falling (like horseback riding or skiing), and listen to your body. Ensure you can pass the \"talk test\" while exercising—if you are too breathless to hold a conversation, you are pushing too hard.</p>','<h3>Paglihok Upod ang Imo Lapsag</h3>\n        <div class=\"ratio ratio-16x9 mb-4 mt-3 shadow-sm\" style=\"border-radius: 14px; overflow: hidden;\">\n            <iframe src=\"https://www.youtube.com/embed/zmUJWKM98hM\" title=\"Prenatal Yoga Workout\" allowfullscreen></iframe>\n        </div>\n        <p>Wala na ang mga panahon nga ginasiling sa mga nagabusong nga babayi nga mag-atubang sa higdaan sa bisan anong kalisud. Subong, nahibal-an na naton nga ang pagpabilin sang aktibo makabulong para sa pagdumala sang timbang, pagpaminus sang sakit sa likod, kag paghanda sang lawas para sa pag-anak.</p>\n        <h4>Mga Aprubado nga Gawi sang Pag-esersisyo</h4>\n        <p>Ang paglakat-lakat amo ang pinakasimple kag pinakaligtas nga pag-esersisyo para sa puso. Wala ini nagakinahanglan sang mga kagamitan kag sayon nga ipahiangay sa imo maayo. Ang paglangoy talagang maayo; ang tubig nagasuporta sa imo mabug-at nga mga tuhod, nagahatag sang kaginhawahan sa mga nagasakit nga kasayoran.</p>\n        <p>Ang prenatal yoga nag-focus sa kakayahan, pagginhawa, kag kabahin sang hunahuna. Nagapalig-on man ini sang mga singot sa pelvis, nga importante para sa pag-anak. Siguradoha nga mag-apil sa mga klase nga labi na gindesinyar para sa mga nagabusong nga babayi.</p>\n        <h4>Pakinggan ang Imo Lawas</h4>\n        <p>Ang pagbusong nagabag-o sang sentro sang imo balanse kag nagapahumok sang imo mga litid, nagahimo ini nga mas mapihak ka sa mga sprain. Likawi ang mga high-impact nga sports, mga gawi nga may peligro sang pagkahulog, kag pakinggan ang imo lawas. Siguradoha nga makaagi ka sa \"talk test\" samtang nag-eesersisyo—kon sobra ka na kahingal para magkuon, ipa-ubos na ang imo kusog.</p>','<h3>Galaw Kasama ang Iyong Sanggol</h3>\n        <div class=\"ratio ratio-16x9 mb-4 mt-3 shadow-sm\" style=\"border-radius: 14px; overflow: hidden;\">\n            <iframe src=\"https://www.youtube.com/embed/zmUJWKM98hM\" title=\"Prenatal Yoga Workout\" allowfullscreen></iframe>\n        </div>\n        <p>Wala na ang mga panahon na sinasabi sa mga buntis na manatiling nakahiga sa kahit anong kakulangan. Ngayon, nalalaman na natin na ang pagiging aktibo ay lubhang kapaki-pakinabang para sa pamamahala ng timbang, pagbabawas ng sakit sa likod, at paghahanda ng katawan para sa panganganak.</p>\n        <h4>Mga Aprubadong Aktibidad</h4>\n        <p>Ang paglalakad ang pinakasimple at pinakaligtas na cardiovascular exercise. Hindi ito nangangailangan ng kagamitan at madaling iayon sa iyong ginhawa. Ang paglalangoy ay kahanga-hanga; ang pagpapaliutad ng tubig ay sumusuporta sa iyong mabibigat na kasukasuan, nagbibigay ng kamangha-manghang ginhawa sa manigas na mga kasukasuan.</p>\n        <p>Ang prenatal yoga ay nakatuon sa kakayahang umangkop, paghinga, at kaisipan. Pinapalakas din nito ang mga kalamnan sa pelvis, na mahalaga para sa panganganak. Siguraduhing dumalo sa mga klase na espesyal na dinisenyo para sa mga buntis.</p>\n        <h4>Pakinggan ang Iyong Katawan</h4>\n        <p>Ang pagbubuntis ay nagbabago ng iyong sentro ng gravitasyon at nagpapalambot ng iyong mga litid, na nagpapahina ng iyong balanse. Iwasan ang mga high-impact na sports, mga aktibidad na may panganib ng pagbagsak, at pakinggan ang iyong katawan. Siguraduhing makapasa sa \"talk test\" habang nag-eehersisyo—kung masyadong hikahos kang huminga para makipag-usap, pinalalakas mo nang labis.</p>','2026-04-16 06:34:14'),(4,'health','Understanding Your Prenatal Vitamins','Mga Bitamina para sa Pagbusong','Pag-unawa sa Reseta ng Doktor','<h3>Beyond the Basics</h3>\n        <p>Prenatal vitamins are your nutritional insurance policy. Even with a perfect diet, the demands of growing a human can easily deplete your reserves of iron, calcium, and crucial B-vitamins.</p>\n        <h4>Iron and Calcium</h4>\n        <p>Your blood volume increases by up to 50% during pregnancy! Extra iron is non-negotiable to prevent anemia. However, iron can cause severe constipation, so ensure you drink plenty of water and consume high-fiber foods. Conversely, your baby is building an entire skeleton from scratch—if you do not consume enough calcium, your baby will draw it directly from your own bones.</p>','<h3>Labaw pa sa mga Ordinaryo</h3>\n        <p>Ang mga prenatal vitamins amo ang imo seguro nga pang-sustansya. Bisan pa may perpektong diyeta ka, ang pagiging abala sang lawas sa pagpapalaki sang bata sadto magpahumod sang imo reserba sang iron, calcium, kag mga B-vitamins.</p>\n        <h4>Iron kag Calcium</h4>\n        <p>Ang imo dugo nagadugmok sing hangtod 50% sa panahon sang pagbusong! Ang sobra nga iron dili na mahimo isipon tungod sa pag-iwas sang anemia. Pero, ang iron mahimo magdulot sang grabeng tibi, kag tungod sini siguradoha nga mag-inom sang madamo nga tubig kag magkaon sang mga pagkaon nga may presko. Sa laing bahin, ang imo bata nagapatindog sang tibuok skeleto—kon kilat ka sa pagkaon sang calcium, ang imo bata magkuhaa gid ini direkta sa imo kaugalingon nga buto.</p>\n        <p>Lagi-a ang pag-check sa imo doktor para mahibal-an ang sakto nga dosis sang imo mga bitamina. Ang imo doktor nahibal-an ang pinakahusto para sa imo kag sa imo lapsag.</p>','<h3>Higit pa sa mga Pangunahing Bagay</h3>\n        <p>Ang mga prenatal vitamins ay ang iyong segurong pang-sustansya. Kahit may perpektong diyeta, ang pangangailangan ng pagpapalaki ng sanggol ay madaling maubos ang iyong reserba ng iron, calcium, at mahahalagang B-vitamins.</p>\n        <h4>Iron at Calcium</h4>\n        <p>Ang dami ng iyong dugo ay maaaring tumaas ng hanggang 50% sa panahon ng pagbubuntis! Ang dagdag na iron ay hindi maaaring ipagpaliban para maiwasan ang anemia. Gayunpaman, ang iron ay maaaring magdulot ng matinding constipation, kaya siguraduhing uminom ng maraming tubig at kumain ng mga pagkaing mayaman sa fiber. Sa kabilang banda, bumubuo ang iyong sanggol ng buong kalansay mula sa simula—kung hindi ka kumonsumo ng sapat na calcium, ang iyong sanggol ay kukuha nito nang direkta mula sa iyong mga buto.</p>\n        <p>Lagi-laging kumonsulta sa iyong doktor para malaman ang tamang dosis ng iyong mga bitamina. Ang iyong doktor ang pinakamahusay na gabay para sa iyong kalusugan at sa iyong sanggol.</p>','2026-04-16 06:34:14'),(5,'parenting','Preparing for Baby Arrivals','Pagpreparar Para sa Lapsag','Paghahanda sa Pagdating ng Sanggol','<h3>The Final Countdown</h3>\n        <div class=\"ratio ratio-16x9 mb-4 mt-3 shadow-sm\" style=\"border-radius: 14px; overflow: hidden;\">\n            <iframe src=\"https://www.youtube.com/embed/TylF0ueGCTM\" title=\"Hospital Bag Checklist\" allowfullscreen></iframe>\n        </div>\n        <div class=\"ratio ratio-16x9 mb-4 mt-3 shadow-sm\" style=\"border-radius: 14px; overflow: hidden;\">\n            <iframe src=\"https://www.youtube.com/embed/SeKIZy-1tDA\" title=\"5 Pregnancy Tips You Should Not Ignore\" allowfullscreen></iframe>\n        </div>\n        <div class=\"ratio ratio-16x9 mb-4 mt-3 shadow-sm\" style=\"border-radius: 14px; overflow: hidden;\">\n            <iframe src=\"https://www.youtube.com/embed/aOxu0JTiwDY\" title=\"Senyales na Malapit ng Manganak\" allowfullscreen></iframe>\n        </div>\n        <p>The nesting instinct is a powerful phenomenon. As your due date approaches, you may feel an undeniable urge to clean the baseboards with a toothbrush and reorganize your pantry. Channel this energy into preparing your home for the little one\'s arrival.</p>\n        <h4>Setting Up the Sanctuary</h4>\n        <p>Set up the crib or bassinet at least a month early to ensure you have all the parts and the mattress fits snugly. Wash all newborn clothing and blankets in gentle, fragrance-free detergent explicitly designed for infant skin.</p>\n        <h4>The Diaper Station</h4>\n        <p>You will change thousands of diapers in your baby\'s first year. Over-preparedness is key here. Stock up your changing station with newborn diapers, a mountain of wipes, diaper rash cream, and extra layers of fresh clothing. Keep a change of clothes accessible for *yourself* as well—blowouts spare no one.</p>\n        <p>Take it slow, write a checklist, and prioritize. The baby doesn\'t care if the nursery is perfectly decorated, only that it is safe, warm, and filled with love.</p>','<h3>Ang Katapusan nga Pagbilang</h3>\n        <div class=\"ratio ratio-16x9 mb-4 mt-3 shadow-sm\" style=\"border-radius: 14px; overflow: hidden;\">\n            <iframe src=\"https://www.youtube.com/embed/TylF0ueGCTM\" title=\"Hospital Bag Checklist\" allowfullscreen></iframe>\n        </div>\n        <div class=\"ratio ratio-16x9 mb-4 mt-3 shadow-sm\" style=\"border-radius: 14px; overflow: hidden;\">\n            <iframe src=\"https://www.youtube.com/embed/SeKIZy-1tDA\" title=\"5 Pregnancy Tips You Should Not Ignore\" allowfullscreen></iframe>\n        </div>\n        <div class=\"ratio ratio-16x9 mb-4 mt-3 shadow-sm\" style=\"border-radius: 14px; overflow: hidden;\">\n            <iframe src=\"https://www.youtube.com/embed/aOxu0JTiwDY\" title=\"Senyales na Malapit ng Manganak\" allowfullscreen></iframe>\n        </div>\n        <p>Ang instinto nga paghanda isa ka gamhanan nga dinaramdam. Samtang nagakahibag-o na ang imo petsa sang pag-anak, mahimo nga mabatyagan mo ang grabeng gusto nga limpyahan ang balay kag ayuson ang tanan. Gamiton ini nga inisyo para sa pagpreparar sang imo panimalay para sa pag-abot sang lapsag.</p>\n        <h4>Pag-aman sang Lugar sang Lapsag</h4>\n        <p>I-set up ang katre ukon bassinet sang lapsag sing labing gamay isa ka bulan antes sang imo petsa sing pag-anak para masigurado nga kumpleto ang tanan nga parte. Labaha ang tanan nga bayo kag habol sang lapsag gamit ang mahamis nga laba nga wala sing mabanglo para sa balat sang bata.</p>\n        <h4>Ang Lugar sang Pagbag-o sang Diaper</h4>\n        <p>Magbag-o ka sang libu-libo nga diaper sa una nga tuig sang imo bata. Ang pagiging handa sing labaw amo ang susi diri. Tipuna ang imo lugar sang pagbag-o sang diaper sang mga bagong diaper, madamo nga mga pampunas, cream para sa singot, kag sobra nga mga bayo. Magtipun man sing spare nga bayo para sa imo kaugalingon—bangod ang mga galisang sa diaper wala nagpili sang biktima.</p>\n        <p>Maginay-inay. Magsulat sing listahan kag i-prioritize. Ang lapsag wala nagahambalan kon perpekto ang dekorasyon sang iya kwarto, ang importante lang amo nga luwang, mainit, kag puno sang gugma.</p>','<h3>Ang Huling Bilang</h3>\n        <div class=\"ratio ratio-16x9 mb-4 mt-3 shadow-sm\" style=\"border-radius: 14px; overflow: hidden;\">\n            <iframe src=\"https://www.youtube.com/embed/TylF0ueGCTM\" title=\"Hospital Bag Checklist\" allowfullscreen></iframe>\n        </div>\n        <div class=\"ratio ratio-16x9 mb-4 mt-3 shadow-sm\" style=\"border-radius: 14px; overflow: hidden;\">\n            <iframe src=\"https://www.youtube.com/embed/SeKIZy-1tDA\" title=\"5 Pregnancy Tips You Should Not Ignore\" allowfullscreen></iframe>\n        </div>\n        <div class=\"ratio ratio-16x9 mb-4 mt-3 shadow-sm\" style=\"border-radius: 14px; overflow: hidden;\">\n            <iframe src=\"https://www.youtube.com/embed/aOxu0JTiwDY\" title=\"Senyales na Malapit ng Manganak\" allowfullscreen></iframe>\n        </div>\n        <p>Ang instinto ng paghahanda ay isang makapangyarihang damdamin. Habang papalapit ang iyong takdang petsa ng panganganak, maaari kang makaramdam ng hindi mapigilan na pagnanais na linisin ang bahay at ayusin ang lahat. Gamitin ang enerhiyang ito sa paghahanda ng iyong tahanan para sa pagdating ng iyong munting prinsesa o prinsipe.</p>\n        <h4>Pagtatatag ng Santuwaryo ng Sanggol</h4>\n        <p>I-set up ang kuna o bassinet ng sanggol nang hindi bababa sa isang buwan bago ang iyong takdang petsa upang masiguro na kumpleto ang lahat ng parte. Labhan ang lahat ng damit at kumot ng sanggol gamit ang malambot na sabon na walang mabangong amoy na espesyal na dinisenyo para sa balat ng sanggol.</p>\n        <h4>Ang Changing Station</h4>\n        <p>Magpapalit ka ng libu-libong diaper sa unang taon ng iyong sanggol. Ang pagiging handa nang labis ay susi dito. I-stock ang iyong changing station ng mga diaper para sa bagong silang, maraming mga tisu, cream para sa pantal, at dagdag na mga damit. Magtabi rin ng pangpalit na damit para sa iyong sarili—walang takas sa mga blowout.</p>\n        <p>Mag-dahan-dahan. Magsulat ng checklist at unahin ang mga importanteng bagay. Hindi pinapahalagahan ng sanggol kung perpekto ang dekorasyon ng silid niya, ang mahalaga lang ay ligtas, mainit, at puno ng pagmamahal.</p>','2026-04-16 06:34:14'),(6,'parenting','Breastfeeding Basics 101','Mga Sadsaran sa Pagpapasuso','Pangunahing Kaalaman sa Pagpapasuso','<h3>The Golden Milk</h3>\n        <div class=\"ratio ratio-16x9 mb-4 mt-3 shadow-sm\" style=\"border-radius: 14px; overflow: hidden;\">\n            <iframe src=\"https://www.youtube.com/embed/g_k50wOf564\" title=\"Breastfeeding Basics\" allowfullscreen></iframe>\n        </div>\n        <div class=\"ratio ratio-16x9 mb-4 mt-3 shadow-sm\" style=\"border-radius: 14px; overflow: hidden;\">\n            <iframe src=\"https://www.youtube.com/embed/Qn7ouVsH0No\" title=\"Pwede ba Magbreastfeed Kahit May Sakit si Mommy?\" allowfullscreen></iframe>\n        </div>\n        <p>Breastfeeding is entirely natural, but it does not mean it is always naturally easy. It is a learned skill for both you and your newborn, requiring immense patience and practice.</p>\n        <h4>The First Latch</h4>\n        <p>In the moments following birth, placing the baby skin-to-skin on your chest encourages their natural instincts to crawl toward the breast and attempt their first latch. Let the nurses or a lactation consultant guide you. A proper latch is deep, asymmetrical, and while it might tug, it should never cause sharp, unbearable pain.</p>\n        <h4>Colostrum: Liquid Gold</h4>\n        <p>Before your milk fully \"comes in\", you will produce colostrum—a thick, yellowish substance packed with antibodies and perfect nutrition for your newborn\'s tiny stomach. Every single drop is incredibly valuable. Trust your body, stay hydrated, and feed on demand, as frequent feeding tells your body to produce more milk.</p>','<h3>Ang Bulawan nga Gatas</h3>\n        <div class=\"ratio ratio-16x9 mb-4 mt-3 shadow-sm\" style=\"border-radius: 14px; overflow: hidden;\">\n            <iframe src=\"https://www.youtube.com/embed/g_k50wOf564\" title=\"Breastfeeding Basics\" allowfullscreen></iframe>\n        </div>\n        <div class=\"ratio ratio-16x9 mb-4 mt-3 shadow-sm\" style=\"border-radius: 14px; overflow: hidden;\">\n            <iframe src=\"https://www.youtube.com/embed/Qn7ouVsH0No\" title=\"Pwede ba Magbreastfeed Kahit May Sakit si Mommy?\" allowfullscreen></iframe>\n        </div>\n        <p>Ang pagpapasuso natural gid, pero indi ini palaging nagakahulugan nga natural man nga sayon. Isa ini ka natutunan nga kasanayan para sa imo kag sa imo bagong lapsag, nagakinahanglan sang dako nga pasyensya kag pagpraktis.</p>\n        <h4>Ang Una nga Pagsupsop</h4>\n        <p>Sa mga sandali pagkatapos sang pag-anak, ang pagbutang sang lapsag sa imo dibdib skin-to-skin nagapadasig sa iya natural nga instinto nga magpanaw padulong sa suso kag mag-umpisa sang una nga pagsupsop. Pabay-i ang mga nars ukon lactation consultant nga mag-giya sa imo. Ang husto nga pagsupsop madalum, katuhay, kag bisan nagahila, indi ini palaging nagakahulugan sang grabe nga sakit.</p>\n        <h4>Colostrum: Likidong Bulawan</h4>\n        <p>Antes pa magbukas ang bug-os nga gatas, magaprodyus ka sang colostrum—isa ka mainit, amarilyo nga substansya puno sang antibodies kag perpektong sustansya para sa gamay nga tiyan sang imo lapsag. Ang bisan ano ka gamay nga tulo sini talagang bilidhon gid. Tiwala sa imo lawas, mag-inom sing madamo, kag pasusohon sang nagakinahanglan, bangod ang masunson nga pagpapasuso nagapasugid sa imo lawas nga magprodyus sang sobra pa nga gatas.</p>','<h3>Ang Gintong Gatas</h3>\n        <div class=\"ratio ratio-16x9 mb-4 mt-3 shadow-sm\" style=\"border-radius: 14px; overflow: hidden;\">\n            <iframe src=\"https://www.youtube.com/embed/g_k50wOf564\" title=\"Breastfeeding Basics\" allowfullscreen></iframe>\n        </div>\n        <div class=\"ratio ratio-16x9 mb-4 mt-3 shadow-sm\" style=\"border-radius: 14px; overflow: hidden;\">\n            <iframe src=\"https://www.youtube.com/embed/Qn7ouVsH0No\" title=\"Pwede ba Magbreastfeed Kahit May Sakit si Mommy?\" allowfullscreen></iframe>\n        </div>\n        <p>Ang pagpapasuso ay ganap na natural, ngunit hindi ito nangangahulugang lagi itong natural na madali. Ito ay isang natutunanang kasanayan para sa iyo at sa iyong bagong silang, na nangangailangan ng napakaraming pasensya at pagsasanay.</p>\n        <h4>Ang Unang Pagsipsip</h4>\n        <p>Sa mga sandali pagkatapos ng panganganak, ang paglalagay ng sanggol sa iyong dibdib nang skin-to-skin ay nagpapalakas ng kanyang natural na instinto na pumunta sa suso at subukan ang kanyang unang pagsipsip. Hayaan ang mga nars o lactation consultant na gabayan ka. Ang tamang pagsipsip ay malalim, hindi pantay-pantay, at habang maaari itong humila, hindi ito dapat maging talamak at di-makatiis na sakit.</p>\n        <h4>Colostrum: Likidong Ginto</h4>\n        <p>Bago pa man lumabas ang buong gatas, maglalabas ka ng colostrum—isang makapal, dilaw na substance na puno ng antibodies at perpektong sustansya para sa maliit na tiyan ng iyong bagong silang. Bawat patak nito ay napakahalaga. Magtiwala sa iyong katawan, manatiling maayos ang hydration, at magpasuso kapag hinihingi ng sanggol, dahil ang madalas na pagpapasuso ay nagsasabi sa iyong katawan na gumawa ng mas maraming gatas.</p>','2026-04-16 06:34:14'),(7,'parenting','Safe Sleep Guidelines (SIDS Prevention)','Luwang nga Pagpatulog para sa Lapsag','Ligtas na Pagpapatulog (Iwas SIDS)','<h3>The ABCs of Safe Sleep</h3>\n        <p>One of the most anxiety-inducing aspects of new parenting is sleep safety. Modern medical guidelines are incredibly strict but straightforward to drastically reduce the risk of Sudden Infant Death Syndrome (SIDS).</p>\n        <h4>Alone, Back, Crib</h4>\n        <p>Always place your baby on their <strong>Back</strong> to sleep. They should be in an approved <strong>Crib</strong> or bassinet. Crucially, they must sleep <strong>Alone</strong> — meaning no heavy blankets, no stuffed animals, no pillows, and no bumper pads. The sleep surface must be firm and strictly bare.</p>\n        <p>Room-sharing (but not bed-sharing) is highly recommended for the first 6 months. It allows you to monitor them closely while keeping their dedicated sleep environment pristine and safe.</p>','<h3>Ang mga Sadsaran sang Luwang nga Pagtulog</h3>\n        <p>Ang isa sa pinakagrabe nga pag-aalaga sa pagka-ginikanan bag-o amo ang kaligtasan sa pagtulog. Ang mga moderno nga medikal nga gabay talagang mahigpit pero klaro agud mapahumod ang peligro sang Sudden Infant Death Syndrome (SIDS).</p>\n        <h4>Mag-isa, Nagatihaya, Katre</h4>\n        <p>Pirme ibutang ang imo lapsag nga <strong>nagatihaya</strong> sa pagtulog sang iya. Kinahanglan siya sa isang aprubado nga <strong>katre</strong> ukon bassinet. Importante gid, kinahanglan tulugan niya sing <strong>mag-isa</strong>—nagakahulugan nga wala sing mabug-at nga habol, wala sing plush nga laruan, wala sing unlan, kag wala sing bumper pads. Ang lugar sang pagtulog kinahanglan matinog kag hubo gid.</p>\n        <p>Ang pagsunod sa kwarto (pero indi sa isa ka higdaan) labi na inirekomenda para sa una nga 6 ka bulan. Nagapahanugot ini sa imo nga bantayan siya sing maayo samtang nagapanatili sang ligtas nga lugar sang pagtulog.</p>','<h3>Ang ABCs ng Ligtas na Pagtulog</h3>\n        <p>Ang isa sa pinaka-nakakabalisang aspeto ng bagong pagiging magulang ay ang kaligtasan sa pagtulog. Ang mga modernong medikal na alituntunin ay napakahigpit ngunit malinaw para lubhang mabawasan ang panganib ng Sudden Infant Death Syndrome (SIDS).</p>\n        <h4>Nag-iisa, Nakapatihaya, Kuna</h4>\n        <p>Lagi-laging ilagay ang iyong sanggol na <strong>nakapatihaya</strong> kapag natutulog. Dapat siya ay nasa aprubadong <strong>kuna</strong> o bassinet. Higit sa lahat, dapat siyang matulog nang <strong>nag-iisa</strong>—nangangahulugang walang mabibigat na kumot, walang stuffed animals, walang unan, at walang bumper pads. Ang ibabaw ng higaan ay dapat matibay at walang laman.</p>\n        <p>Ang pagiging magkasamang silid (ngunit hindi magkasama sa higaan) ay lubos na inirekomenda para sa unang 6 na buwan. Nagbibigay-daan ito sa iyo na bantayan siyang mabuti habang pinapanatiling malinis at ligtas ang kanyang lugar ng pagtulog.</p>','2026-04-16 06:34:14'),(8,'emotional','Dealing with Pregnancy Anxiety','Pag-atubang sa Kabalaka sa Pagbusong','Pagharap sa Pag-aalala sa Pagbubuntis','<h3>The Weight of Expectation</h3>\n        <div class=\"ratio ratio-16x9 mb-4 mt-3 shadow-sm\" style=\"border-radius: 14px; overflow: hidden;\">\n            <iframe src=\"https://www.youtube.com/embed/yZAWU8rCEQs\" title=\"Senyales na Hindi Safe ang Baby sa Tiyan\" allowfullscreen></iframe>\n        </div>\n        <p>It is incredibly normal to feel a deep sense of anxiety during pregnancy. Culturally, society paints pregnancy as an era of continuous, glowing bliss, completely ignoring the sheer psychological shift of bringing new life into the world.</p>\n        <h4>Naming the Fears</h4>\n        <p>Whether you are anxious about medical tests, the pain of labor, or simply questioning whether you will be a \"good\" mother, naming these fears out loud removes their power over you. Speak openly with your partner, allowing them to carry the psychological load alongside you.</p>\n        <h4>Seeking Professional Help</h4>\n        <p>If your anxiety evolves into sleepless nights, intrusive thoughts, or begins impacting your appetite and daily functioning, it is paramount that you seek professional help. There is no shame in prenatal therapy or pursuing treatments guided by your health provider. Protecting your peace of mind is an essential form of prenatal care.</p>','<h3>Ang Kabug-at sang Pag-aalaga</h3>\n        <div class=\"ratio ratio-16x9 mb-4 mt-3 shadow-sm\" style=\"border-radius: 14px; overflow: hidden;\">\n            <iframe src=\"https://www.youtube.com/embed/yZAWU8rCEQs\" title=\"Senyales na Hindi Safe ang Baby sa Tiyan\" allowfullscreen></iframe>\n        </div>\n        <p>Normal lang nga mabalaka ka. I-istorya sa imo partner okon sa dokor ang imo ginabatyag.</p>','<h3>Ang Bigat ng Pag-aalala</h3>\n        <div class=\"ratio ratio-16x9 mb-4 mt-3 shadow-sm\" style=\"border-radius: 14px; overflow: hidden;\">\n            <iframe src=\"https://www.youtube.com/embed/yZAWU8rCEQs\" title=\"Senyales na Hindi Safe ang Baby sa Tiyan\" allowfullscreen></iframe>\n        </div>\n        <p>Normal lang ang makaramdam ng kaba. Kausapin ang iyong partner o doktor.</p>','2026-04-16 06:34:14'),(9,'emotional','Navigating Body Image Changes','Pagbaton sa Pagbag-o sang Imo Lawas','Pagtanggap sa Pagbabago ng Katawan','<h3>Embracing the Journey</h3>\n        <p>Your body is currently undertaking one of the most mechanically and biologically complex tasks in nature. Yet, seeing the rapid expansion of your waistline, the appearance of stretch marks, or uncontrollable acne can take a severe toll on your self-esteem.</p>\n        <h4>Reframing the Narrative</h4>\n        <p>Try to shift your mindset from aesthetics to functionality. Your body isn\'t \"getting fat\"—it is actively generating a completely new organ (the placenta) and providing continuous life support. Treat your body with the exact same awe and respect you would give to the baby it carries.</p>','<p>Ang imo lawas naga-obra sang pinakamabaskog nga butang. Palangga-a ang imo lawas sa pihak sang pag daku.</p>','<p>Ang iyong katawan ay gumagawa ng isang himala. Mahalin ang sarili kahit ano pa ang pagbabago.</p>','2026-04-16 06:34:14');
/*!40000 ALTER TABLE `educational_modules` ENABLE KEYS */;
UNLOCK TABLES;

--
-- Table structure for table `health_logs`
--

DROP TABLE IF EXISTS `health_logs`;
/*!40101 SET @saved_cs_client     = @@character_set_client */;
/*!50503 SET character_set_client = utf8mb4 */;
CREATE TABLE `health_logs` (
  `id` int NOT NULL AUTO_INCREMENT,
  `user_id` int NOT NULL,
  `log_date` date NOT NULL,
  `weight_kg` decimal(5,2) DEFAULT NULL,
  `blood_pressure` varchar(20) COLLATE utf8mb4_unicode_ci DEFAULT NULL,
  `symptoms` text COLLATE utf8mb4_unicode_ci,
  `notes` text COLLATE utf8mb4_unicode_ci,
  `created_at` timestamp NULL DEFAULT CURRENT_TIMESTAMP,
  `prescription` text COLLATE utf8mb4_unicode_ci,
  `admin_status` varchar(50) COLLATE utf8mb4_unicode_ci DEFAULT NULL,
  PRIMARY KEY (`id`),
  KEY `user_id` (`user_id`),
  CONSTRAINT `health_logs_ibfk_1` FOREIGN KEY (`user_id`) REFERENCES `users` (`id`) ON DELETE CASCADE
) ENGINE=InnoDB AUTO_INCREMENT=5 DEFAULT CHARSET=utf8mb4 COLLATE=utf8mb4_unicode_ci;
/*!40101 SET character_set_client = @saved_cs_client */;

--
-- Dumping data for table `health_logs`
--

LOCK TABLES `health_logs` WRITE;
/*!40000 ALTER TABLE `health_logs` DISABLE KEYS */;
INSERT INTO `health_logs` VALUES (1,5,'2026-04-10',50.00,'120/50','Ok',NULL,'2026-04-08 11:42:54','go to the doctor immediately','Critical'),(2,5,'2026-04-11',50.00,'120/80',NULL,NULL,'2026-04-09 09:17:01','No worries. Status is completely normal, keep it up!',NULL),(4,5,'2026-04-15',200.00,'190/200',NULL,NULL,'2026-04-15 04:32:19','xx',NULL);
/*!40000 ALTER TABLE `health_logs` ENABLE KEYS */;
UNLOCK TABLES;

--
-- Table structure for table `pregnancy_profiles`
--

DROP TABLE IF EXISTS `pregnancy_profiles`;
/*!40101 SET @saved_cs_client     = @@character_set_client */;
/*!50503 SET character_set_client = utf8mb4 */;
CREATE TABLE `pregnancy_profiles` (
  `id` int NOT NULL AUTO_INCREMENT,
  `user_id` int NOT NULL,
  `expected_due_date` date DEFAULT NULL,
  `pregnancy_start_date` date DEFAULT NULL,
  `blood_type` varchar(10) COLLATE utf8mb4_unicode_ci DEFAULT NULL,
  `medical_history` text COLLATE utf8mb4_unicode_ci,
  `created_at` timestamp NULL DEFAULT CURRENT_TIMESTAMP,
  `updated_at` timestamp NULL DEFAULT CURRENT_TIMESTAMP ON UPDATE CURRENT_TIMESTAMP,
  PRIMARY KEY (`id`),
  KEY `user_id` (`user_id`),
  CONSTRAINT `pregnancy_profiles_ibfk_1` FOREIGN KEY (`user_id`) REFERENCES `users` (`id`) ON DELETE CASCADE
) ENGINE=InnoDB AUTO_INCREMENT=2 DEFAULT CHARSET=utf8mb4 COLLATE=utf8mb4_unicode_ci;
/*!40101 SET character_set_client = @saved_cs_client */;

--
-- Dumping data for table `pregnancy_profiles`
--

LOCK TABLES `pregnancy_profiles` WRITE;
/*!40000 ALTER TABLE `pregnancy_profiles` DISABLE KEYS */;
INSERT INTO `pregnancy_profiles` VALUES (1,5,'2026-09-30','2026-01-01','','','2026-04-08 11:42:01','2026-04-15 04:49:47');
/*!40000 ALTER TABLE `pregnancy_profiles` ENABLE KEYS */;
UNLOCK TABLES;

--
-- Table structure for table `system_reviews`
--

DROP TABLE IF EXISTS `system_reviews`;
/*!40101 SET @saved_cs_client     = @@character_set_client */;
/*!50503 SET character_set_client = utf8mb4 */;
CREATE TABLE `system_reviews` (
  `id` int NOT NULL AUTO_INCREMENT,
  `user_id` int NOT NULL,
  `rating` tinyint NOT NULL,
  `comment` text COLLATE utf8mb4_general_ci NOT NULL,
  `status` enum('pending','approved') COLLATE utf8mb4_general_ci DEFAULT 'pending',
  `created_at` timestamp NULL DEFAULT CURRENT_TIMESTAMP,
  PRIMARY KEY (`id`),
  KEY `user_id` (`user_id`),
  CONSTRAINT `system_reviews_ibfk_1` FOREIGN KEY (`user_id`) REFERENCES `users` (`id`) ON DELETE CASCADE
) ENGINE=InnoDB AUTO_INCREMENT=2 DEFAULT CHARSET=utf8mb4 COLLATE=utf8mb4_general_ci;
/*!40101 SET character_set_client = @saved_cs_client */;

--
-- Dumping data for table `system_reviews`
--

LOCK TABLES `system_reviews` WRITE;
/*!40000 ALTER TABLE `system_reviews` DISABLE KEYS */;
INSERT INTO `system_reviews` VALUES (1,5,2,'yes good','pending','2026-04-16 08:49:40');
/*!40000 ALTER TABLE `system_reviews` ENABLE KEYS */;
UNLOCK TABLES;

--
-- Table structure for table `users`
--

DROP TABLE IF EXISTS `users`;
/*!40101 SET @saved_cs_client     = @@character_set_client */;
/*!50503 SET character_set_client = utf8mb4 */;
CREATE TABLE `users` (
  `id` int NOT NULL AUTO_INCREMENT,
  `first_name` varchar(100) COLLATE utf8mb4_unicode_ci NOT NULL,
  `last_name` varchar(100) COLLATE utf8mb4_unicode_ci NOT NULL,
  `email` varchar(150) COLLATE utf8mb4_unicode_ci NOT NULL,
  `password_hash` varchar(255) COLLATE utf8mb4_unicode_ci DEFAULT NULL,
  `oauth_provider` enum('local','google','facebook') COLLATE utf8mb4_unicode_ci DEFAULT 'local',
  `oauth_id` varchar(255) COLLATE utf8mb4_unicode_ci DEFAULT NULL,
  `profile_picture` varchar(255) COLLATE utf8mb4_unicode_ci DEFAULT NULL,
  `preferred_language` enum('en','hil','tl') COLLATE utf8mb4_unicode_ci DEFAULT 'en',
  `address` text COLLATE utf8mb4_unicode_ci DEFAULT NULL,
  `created_at` timestamp NULL DEFAULT CURRENT_TIMESTAMP,
  `updated_at` timestamp NULL DEFAULT CURRENT_TIMESTAMP ON UPDATE CURRENT_TIMESTAMP,
  `role` enum('mother','admin') COLLATE utf8mb4_unicode_ci DEFAULT 'mother',
  PRIMARY KEY (`id`),
  UNIQUE KEY `email` (`email`)
) ENGINE=InnoDB AUTO_INCREMENT=9 DEFAULT CHARSET=utf8mb4 COLLATE=utf8mb4_unicode_ci;
/*!40101 SET character_set_client = @saved_cs_client */;

--
-- Dumping data for table `users`
--

LOCK TABLES `users` WRITE;
/*!40000 ALTER TABLE `users` DISABLE KEYS */;
INSERT INTO `users` VALUES (2,'Jane','Doe','jane@example.com','\\.Ye4oKoEa3Ro9llC/.og/at2.uheWG/igi','local',NULL,NULL,'en','2026-03-19 05:24:12','2026-03-19 05:24:12','mother'),(3,'Test','User','test@example.com','$2y$10$nLrwUisjY.VwgUDEqcpz4eaOeQcEf1wZU1w4eKnMy7R42.xcknzau','local',NULL,NULL,'en','2026-03-20 05:05:01','2026-03-20 05:05:01','mother'),(4,'Sana','Minatozaki','sana@gmail.com','$2y$10$dXigjmAgbXZNw2ho4CTsNOqJFbkDjjCZ31fRBfLpa.LVd4DStstH.','local',NULL,NULL,'en','2026-03-20 12:27:49','2026-03-20 12:27:49','mother'),(5,'John Lenard','Bocal','bjohnlenard@gmail.com','$2y$10$AwR0PP8sAk7Dhyc.obEPr.hoc.kEA5Q8uZ/H9bBhx6lnDr5AbWFVq','local',NULL,'5_1776228587.png','en','2026-04-08 11:29:32','2026-04-15 04:49:47','mother'),(6,'qwe','rty','qwerty@gmail.com','$2y$10$yieNP/Hgf8npqtm9Q5SMregrlETDuoLlG1tBcOJM9rRZvEzctytS2','local',NULL,NULL,'en','2026-04-09 07:12:04','2026-04-09 07:12:04','mother'),(7,'RHU','Admin','admin@pagamuma.com','$2y$10$sdx04b/Rg6ysA1BbODhFhuyhXkK1VeuCR6panA/06sLIlhA80vULG','local',NULL,NULL,'en','2026-04-15 04:21:26','2026-04-15 04:21:26','admin'),(8,'Test','Mother','testmother@example.com','$2y$10$ZIyd.iXlGyojBpnM/Nz7qO9SsowpbPencsXjdy/pP8jwCLTQTyCda','local',NULL,NULL,'en','2026-04-15 05:43:14','2026-04-15 05:43:14','mother');
/*!40000 ALTER TABLE `users` ENABLE KEYS */;
UNLOCK TABLES;
/*!40103 SET TIME_ZONE=@OLD_TIME_ZONE */;

/*!40101 SET SQL_MODE=@OLD_SQL_MODE */;
/*!40014 SET FOREIGN_KEY_CHECKS=@OLD_FOREIGN_KEY_CHECKS */;
/*!40014 SET UNIQUE_CHECKS=@OLD_UNIQUE_CHECKS */;
/*!40101 SET CHARACTER_SET_CLIENT=@OLD_CHARACTER_SET_CLIENT */;
/*!40101 SET CHARACTER_SET_RESULTS=@OLD_CHARACTER_SET_RESULTS */;
/*!40101 SET COLLATION_CONNECTION=@OLD_COLLATION_CONNECTION */;
/*!40111 SET SQL_NOTES=@OLD_SQL_NOTES */;

-- Dump completed on 2026-07-10 10:36:00
